rmse,mae,auroc,pred_auc,Model,Dataset,Miss_Rate,Seed,DB_Type
0.35314829376858164,0.13043465903902174,,0.7013332597634923,GAIN,breast_cancer,0.05,42,light
0.3643114787476418,0.139587967963516,,0.6888820481843737,WGAN_FWAL,breast_cancer,0.05,42,light
0.3922879807491709,0.16132707723127146,,0.6903445391817484,KD,breast_cancer,0.05,42,light
0.3766645102986051,0.14874127688801028,,0.7269797063401715,Student_Baseline,breast_cancer,0.05,42,light
0.3844964868224519,0.15405390621636095,,0.734198069372488,GAIN,breast_cancer,0.1,42,light
0.3855494310515861,0.15567552972987084,,0.6853184606091582,WGAN_FWAL,breast_cancer,0.1,42,light
0.3759668548507349,0.148648507297435,,0.6746921682968194,KD,breast_cancer,0.1,42,light
0.3841448678036534,0.15351336648663028,,0.727004100550612,Student_Baseline,breast_cancer,0.1,42,light
0.394981801130758,0.16229492595643702,,0.719443056943057,GAIN,breast_cancer,0.2,42,light
0.3799981929427543,0.15054630478156045,,0.6859442882698696,WGAN_FWAL,breast_cancer,0.2,42,light
0.38958395648877325,0.15765012172145992,,0.6445516692609715,KD,breast_cancer,0.2,42,light
0.40589872724170095,0.17103808743185436,,0.6959186162674534,Student_Baseline,breast_cancer,0.2,42,light
0.42434152042311823,0.18538895429533048,,0.6941793671444835,GAIN,breast_cancer,0.3,42,light
0.3921958870305464,0.1593243694935423,,0.6442609715865529,WGAN_FWAL,breast_cancer,0.3,42,light
0.4011039926306971,0.16648295255155254,,0.6653968124898357,KD,breast_cancer,0.3,42,light
0.40914612743876266,0.17217310848033934,,0.6559275027298282,Student_Baseline,breast_cancer,0.3,42,light
0.43291617203190214,0.19152222969392324,,0.6564926352717051,GAIN,breast_cancer,0.5,42,light
0.3942829990422926,0.16067450133170963,,0.5690428757289223,WGAN_FWAL,breast_cancer,0.5,42,light
0.3971571755250482,0.16278279843557447,,0.5708884139116697,KD,breast_cancer,0.5,42,light
0.4141843909672014,0.17665318053722923,,0.6315992147387497,Student_Baseline,breast_cancer,0.5,42,light
0.05315012309413729,0.018627123659455347,,,GAIN,spam,0.05,42,light
0.055426646270119104,0.024678388674085696,,,WGAN_FWAL,spam,0.05,42,light
0.05435449487952014,0.02332297602988912,,,KD,spam,0.05,42,light
0.05322518825687879,0.019023145116725673,,,Student_Baseline,spam,0.05,42,light
0.05106917205286641,0.017971246006904536,,,GAIN,spam,0.1,42,light
0.054058964500736946,0.024173822061167756,,,WGAN_FWAL,spam,0.1,42,light
0.05491833438736706,0.024215037929386316,,,KD,spam,0.1,42,light
0.05167007448785228,0.018787813219581066,,,Student_Baseline,spam,0.1,42,light
0.052231041903512604,0.017952389513865415,,,GAIN,spam,0.2,42,light
0.05482464425224658,0.024327522114671193,,,WGAN_FWAL,spam,0.2,42,light
0.05622810864162286,0.02384327731717685,,,KD,spam,0.2,42,light
0.05266307600315571,0.01855360046216385,,,Student_Baseline,spam,0.2,42,light
0.05305635503077524,0.01787448842432839,,,GAIN,spam,0.3,42,light
0.056308014265909374,0.024449314833297403,,,WGAN_FWAL,spam,0.3,42,light
0.05554385761335058,0.023783363419737608,,,KD,spam,0.3,42,light
0.053402940245943685,0.01845554836684455,,,Student_Baseline,spam,0.3,42,light
0.05441009778432689,0.019271399144671946,,,GAIN,spam,0.5,42,light
0.05769211814866376,0.023842205575608146,,,WGAN_FWAL,spam,0.5,42,light
0.05771474332871024,0.023413043604797013,,,KD,spam,0.5,42,light
0.05426737453954241,0.019847414901097635,,,Student_Baseline,spam,0.5,42,light
0.3445713736382529,0.12887849493599307,,0.8314440052973732,GAIN,credit,0.05,42,light
0.3205418816479624,0.11303442625938627,,0.8161660902705059,WGAN_FWAL,credit,0.05,42,light
0.31161097780642777,0.10738183841555496,,0.7805302357034921,KD,credit,0.05,42,light
0.34214674972406917,0.12678858801125428,,0.8453641476336398,Student_Baseline,credit,0.05,42,light
0.2996006969644089,0.09982137052464549,,0.8316748510970333,GAIN,credit,0.1,42,light
0.31203935008573686,0.10766744913584682,,0.8207956912805259,WGAN_FWAL,credit,0.1,42,light
0.31627475267394123,0.11061899741683427,,0.8354430085513893,KD,credit,0.1,42,light
0.3053729158312793,0.10320823673680964,,0.827416884943984,Student_Baseline,credit,0.1,42,light
0.29886122659680386,0.09986112193148364,,0.8120729780708382,GAIN,credit,0.2,42,light
0.3219698253273706,0.11450837452738595,,0.8071414654081529,WGAN_FWAL,credit,0.2,42,light
0.3161100737523021,0.11034997507455223,,0.7944799945843918,KD,credit,0.2,42,light
0.30132650187119736,0.10117671476308143,,0.8439685634649209,Student_Baseline,credit,0.2,42,light
0.3041913815876876,0.10277584410868486,,0.8295270910696931,GAIN,credit,0.3,42,light
0.3151330332071235,0.10998912998641039,,0.7716917923777467,WGAN_FWAL,credit,0.3,42,light
0.3255423234952474,0.1163294083026034,,0.7648102921662587,KD,credit,0.3,42,light
0.308603228151837,0.10564308785844659,,0.7767237281110626,Student_Baseline,credit,0.3,42,light
0.35751559024551527,0.1417011674753036,,0.8013258719676808,GAIN,credit,0.5,42,light
0.3246469018918268,0.11611559009699801,,0.7085205536784148,WGAN_FWAL,credit,0.5,42,light
0.3319291619701837,0.12072663630312158,,0.7013969648287058,KD,credit,0.5,42,light
0.31995491294913975,0.11270064250946277,,0.8126437573137343,Student_Baseline,credit,0.5,42,light
0.18282974796631465,0.14723064359024896,0.8013001695873375,,GAIN,wine,0.05,42,light
0.1927822903992004,0.15632075051390315,0.7464669304691917,,WGAN_FWAL,wine,0.05,42,light
0.17769797670136664,0.13992439082553132,0.7970604861503675,,KD,wine,0.05,42,light
0.17591255018203203,0.14122758201322133,0.7967778405879028,,Student_Baseline,wine,0.05,42,light
0.1827503796762923,0.14232173381620422,0.7819302386572252,,GAIN,wine,0.1,42,light
0.19477208619496109,0.15535975235823715,0.7996328350380277,,WGAN_FWAL,wine,0.1,42,light
0.18077676051696911,0.1433977813416727,0.8428402832415421,,KD,wine,0.1,42,light
0.1788364494341427,0.14174644179529974,0.830776291633884,,Student_Baseline,wine,0.1,42,light
0.19252945404682242,0.15165613393189145,0.7875209100033457,,GAIN,wine,0.2,42,light
0.2054800509580555,0.16328668743320884,0.7182669789227165,,WGAN_FWAL,wine,0.2,42,light
0.17945305570479028,0.14123037679193517,0.8486952157912345,,KD,wine,0.2,42,light
0.20036055649389745,0.16128397197262934,0.7816661090665774,,Student_Baseline,wine,0.2,42,light
0.19177319275770205,0.15107273474903224,0.7780819749960436,,GAIN,wine,0.3,42,light
0.19490361933603353,0.1522374518340324,0.7929498338344675,,WGAN_FWAL,wine,0.3,42,light
0.17631247149639498,0.1331334275613525,0.8402674473809146,,KD,wine,0.3,42,light
0.19422946322046533,0.15436036370213085,0.7772194967558158,,Student_Baseline,wine,0.3,42,light
0.21174733024187264,0.17181801255353638,0.681553859056264,,GAIN,wine,0.5,42,light
0.20165001380307168,0.1594136056982557,0.7597247231198048,,WGAN_FWAL,wine,0.5,42,light
0.1991184952066498,0.15460431148713116,0.7600083865716187,,KD,wine,0.5,42,light
0.2141897679593305,0.1736945348316519,0.6709658123874596,,Student_Baseline,wine,0.5,42,light
0.3054816870762418,0.15375654291689073,0.8737981094637709,0.7193420689547103,GAIN,student,0.05,42,light
0.27457452766431195,0.14291325804543406,0.8747415943482281,0.7243382596223469,WGAN_FWAL,student,0.05,42,light
0.2590510893618282,0.13112884865922117,0.8697216716336782,0.7278745843605837,KD,student,0.05,42,light
0.2678583804189262,0.12772095647853454,0.88129851166675,0.7234358929955034,Student_Baseline,student,0.05,42,light
0.259796991808147,0.12450690248215782,0.8781521524393389,0.7227531596666459,GAIN,student,0.1,42,light
0.2699803665660784,0.1381222890028715,0.8710960808629136,0.7153265679911367,WGAN_FWAL,student,0.1,42,light
0.26480126021917694,0.13407816035774098,0.8646644564069846,0.7195956868424944,KD,student,0.1,42,light
0.26583767764572747,0.12829192014168428,0.8737478419610849,0.7088809942195372,Student_Baseline,student,0.1,42,light
0.2610143461847208,0.1289210448571194,0.8655794785545968,0.7153925658181477,GAIN,student,0.2,42,light
0.26818939281508325,0.13868396193883703,0.8684443908050804,0.7011039180837952,WGAN_FWAL,student,0.2,42,light
0.2583519929028444,0.13201579995070806,0.8660840759278567,0.7209213909831979,KD,student,0.2,42,light
0.256189155300501,0.12305669786956791,0.8740353900254223,0.7135958685264867,Student_Baseline,student,0.2,42,light
0.26561198054497,0.13147086640190553,0.8542176586151476,0.7155798817073372,GAIN,student,0.3,42,light
0.26734843639268707,0.13983535194315833,0.8621019670877005,0.6975192341146843,WGAN_FWAL,student,0.3,42,light
0.26310298289880785,0.13545556165011624,0.862243926570821,0.7013314503664982,KD,student,0.3,42,light
0.25950049015015547,0.12456988355532335,0.8679428416003564,0.7134884907253853,Student_Baseline,student,0.3,42,light
0.2749025319044047,0.140404952354454,0.8407546363895854,0.6797474718695191,GAIN,student,0.5,42,light
0.26576564172153005,0.14106521587261092,0.8537743462322085,0.6707135814153192,WGAN_FWAL,student,0.5,42,light
0.2746052753956793,0.14149408407393477,0.8527321673965189,0.6843953384985465,KD,student,0.5,42,light
0.2651302280983418,0.12823754201263124,0.8607000744674528,0.7202698920768175,Student_Baseline,student,0.5,42,light
0.37410826881434367,0.14316225747876443,,0.6760846711428107,GAIN,breast_cancer,0.05,0,light
0.3733936299470344,0.14209387873945273,,0.6986725483818508,WGAN_FWAL,breast_cancer,0.05,0,light
0.37339362708578133,0.14209387767107826,,0.7029537323141974,KD,breast_cancer,0.05,0,light
0.395622029296337,0.1591878808762188,,0.6892064331017821,Student_Baseline,breast_cancer,0.05,0,light
0.37149199198627847,0.14238759474274262,,0.6991064168389751,GAIN,breast_cancer,0.1,0,light
0.3823884950121063,0.15005461883913582,,0.6812803475594174,WGAN_FWAL,breast_cancer,0.1,0,light
0.4063430562397552,0.1692221788062967,,0.6934234370280883,KD,breast_cancer,0.1,0,light
0.4056686281575628,0.16922217935394102,,0.7270032293288107,Student_Baseline,breast_cancer,0.1,0,light
0.4141334441813994,0.17479434904126576,,0.6708015821387916,GAIN,breast_cancer,0.2,0,light
0.39204378319985494,0.1583560109590551,,0.7100335710800827,WGAN_FWAL,breast_cancer,0.2,0,light
0.401025685988304,0.16438340137002125,,0.6976593174267594,KD,breast_cancer,0.2,0,light
0.40459647358675654,0.16739709657550433,,0.7443367678832795,Student_Baseline,breast_cancer,0.2,0,light
0.4143263535218687,0.17518501370387335,,0.6734727481820505,GAIN,breast_cancer,0.3,0,light
0.3845387875976884,0.1516665191668121,,0.7078084705991683,WGAN_FWAL,breast_cancer,0.3,0,light
0.3861007374311577,0.1518517031482953,,0.6578706177543387,KD,breast_cancer,0.3,0,light
0.41219785398984765,0.17314797824090902,,0.670438282647585,Student_Baseline,breast_cancer,0.3,0,light
0.4564248553322289,0.2123300840197912,,0.6733504867225797,GAIN,breast_cancer,0.5,0,light
0.40259799988427547,0.16659231654812115,,0.5700131264084752,WGAN_FWAL,breast_cancer,0.5,0,light
0.39301678487038966,0.15891371177402236,,0.599802523058337,KD,breast_cancer,0.5,0,light
0.44293757306771453,0.2000888324061572,,0.5680546197988059,Student_Baseline,breast_cancer,0.5,0,light
0.04701884157717768,0.017128105760739355,,,GAIN,spam,0.05,0,light
0.051807057312172194,0.023661103373272784,,,WGAN_FWAL,spam,0.05,0,light
0.052963785778610016,0.023563062961686015,,,KD,spam,0.05,0,light
0.04722091476468602,0.018371424498854105,,,Student_Baseline,spam,0.05,0,light
0.05154082651078851,0.01778724105371704,,,GAIN,spam,0.1,0,light
0.05356014742474089,0.02373993156096651,,,WGAN_FWAL,spam,0.1,0,light
0.05396579440202345,0.023141219276965153,,,KD,spam,0.1,0,light
0.051807586878758034,0.018940370368298397,,,Student_Baseline,spam,0.1,0,light
0.05200277820454165,0.018315886683095136,,,GAIN,spam,0.2,0,light
0.054102229123480707,0.024022013986122363,,,WGAN_FWAL,spam,0.2,0,light
0.054693495791683616,0.023739150455291545,,,KD,spam,0.2,0,light
0.05243881881564268,0.019013101606807237,,,Student_Baseline,spam,0.2,0,light
0.05155734772567623,0.018446440599068175,,,GAIN,spam,0.3,0,light
0.0543391899973307,0.024183036066474775,,,WGAN_FWAL,spam,0.3,0,light
0.05631355995961179,0.024175178532639945,,,KD,spam,0.3,0,light
0.052585826093712915,0.019124507768284945,,,Student_Baseline,spam,0.3,0,light
0.053493745845309824,0.019137154984381295,,,GAIN,spam,0.5,0,light
0.0571378931445877,0.023759967584596618,,,WGAN_FWAL,spam,0.5,0,light
0.05755667259167995,0.023146867973882646,,,KD,spam,0.5,0,light
0.05409770979588645,0.018801327373885953,,,Student_Baseline,spam,0.5,0,light
0.34054802446348514,0.12662298423661322,,0.8319396667340367,GAIN,credit,0.05,0,light
0.3088695776293985,0.10570371552006134,,0.8389290199724808,WGAN_FWAL,credit,0.05,0,light
0.31608477573632393,0.11068462861398394,,0.8431611241958301,KD,credit,0.05,0,light
0.33229698552985204,0.12013559135433496,,0.8137942241948746,Student_Baseline,credit,0.05,0,light
0.32520865407748256,0.11612377042564818,,0.8291373775942766,GAIN,credit,0.1,0,light
0.31330659327830174,0.10877277319901853,,0.8287884389769541,WGAN_FWAL,credit,0.1,0,light
0.30598508834493654,0.10391926746636743,,0.8283038940913503,KD,credit,0.1,0,light
0.3077922399937189,0.10444074454705848,,0.8508638940333331,Student_Baseline,credit,0.1,0,light
0.29292059664903797,0.0963648990068293,,0.8110336559441326,GAIN,credit,0.2,0,light
0.32154320323456537,0.11366128156332474,,0.7952341335259506,WGAN_FWAL,credit,0.2,0,light
0.3257603536257306,0.11667412933858735,,0.7994751288895238,KD,credit,0.2,0,light
0.3035581407731964,0.10184965810485712,,0.8319674332292974,Student_Baseline,credit,0.2,0,light
0.30735193914981546,0.1045548767208463,,0.7993291875522436,GAIN,credit,0.3,0,light
0.3314763698627238,0.12040462002574708,,0.8043567064739875,WGAN_FWAL,credit,0.3,0,light
0.3196526729603976,0.1124468492190471,,0.7933160436991764,KD,credit,0.3,0,light
0.302820503558805,0.1015591528938848,,0.8657723158391883,Student_Baseline,credit,0.3,0,light
0.33619793706803786,0.12598564969238882,,0.8037152367395498,GAIN,credit,0.5,0,light
0.333164222479106,0.12154416111822101,,0.7109712649171172,WGAN_FWAL,credit,0.5,0,light
0.3283108796448596,0.11821110038517921,,0.7051310101534651,KD,credit,0.5,0,light
0.3203948698173216,0.11320047844475604,,0.8195709620971948,Student_Baseline,credit,0.5,0,light
0.1738424287205634,0.12871309125281488,0.7904371584699453,,GAIN,wine,0.05,0,light
0.18470789500973012,0.14613613655368032,0.8180327868852458,,WGAN_FWAL,wine,0.05,0,light
0.16621976164133287,0.12366929293908084,0.8647540983606558,,KD,wine,0.05,0,light
0.18805668611326973,0.14810762587657156,0.7079234972677595,,Student_Baseline,wine,0.05,0,light
0.15612299069643115,0.11589073353950749,0.8284230176122068,,GAIN,wine,0.1,0,light
0.17378438326580703,0.13161183151015146,0.8214430646863081,,WGAN_FWAL,wine,0.1,0,light
0.1625283535173167,0.11693719466157752,0.8507426345264183,,KD,wine,0.1,0,light
0.1862675230439702,0.13999460772949276,0.710981251521792,,Student_Baseline,wine,0.1,0,light
0.19111801733818676,0.15084488398411083,0.7539573424494649,,GAIN,wine,0.2,0,light
0.17212786197519409,0.13273190941761762,0.8423008323424495,,WGAN_FWAL,wine,0.2,0,light
0.17565568220690161,0.13538213794109016,0.8380462247324614,,KD,wine,0.2,0,light
0.18961009777760546,0.1484877585721331,0.7764380202140307,,Student_Baseline,wine,0.2,0,light
0.19728499161420485,0.15420179364109474,0.7536503057235457,,GAIN,wine,0.3,0,light
0.19485492981676697,0.1542680113021448,0.779929165692138,,WGAN_FWAL,wine,0.3,0,light
0.18046484307914842,0.14046921861474537,0.8240084867519797,,KD,wine,0.3,0,light
0.1908868081962491,0.14953142862134558,0.7645594573824719,,Student_Baseline,wine,0.3,0,light
0.2092428777590489,0.16719471861932025,0.7122212695574973,,GAIN,wine,0.5,0,light
0.19911956940183542,0.1608383044551265,0.7143495630917416,,WGAN_FWAL,wine,0.5,0,light
0.19077722091785324,0.14936695085931528,0.761445658585232,,KD,wine,0.5,0,light
0.21217256527258493,0.16714636781976547,0.688308371490596,,Student_Baseline,wine,0.5,0,light
0.28834657067769076,0.1471666267928174,0.8819237478202189,0.725622690763607,GAIN,student,0.05,0,light
0.2666774430642495,0.13786329571376552,0.8733273644995201,0.7261793456532734,WGAN_FWAL,student,0.05,0,light
0.26099023502127267,0.1339554395461164,0.869384691952594,0.7325399402258082,KD,student,0.05,0,light
0.26705997287741434,0.1288007978060043,0.8729118387468214,0.7326781606846666,Student_Baseline,student,0.05,0,light
0.2654585021775799,0.13196135643126247,0.8673822255427025,0.7266904193442286,GAIN,student,0.1,0,light
0.26438168178735455,0.1377946200090191,0.8672240052704855,0.7253592864309799,WGAN_FWAL,student,0.1,0,light
0.26768071150247247,0.136931958437442,0.8555962376593473,0.7289666126927357,KD,student,0.1,0,light
0.2650467984980983,0.12848393259576357,0.8696294803945526,0.7300681991149778,Student_Baseline,student,0.1,0,light
0.2588524190593567,0.1274632099628655,0.8665668444240184,0.7186880962086583,GAIN,student,0.2,0,light
0.26702239841372605,0.13842720922253815,0.8642912519959212,0.7138430431492877,WGAN_FWAL,student,0.2,0,light
0.26265245190230124,0.13543926282121543,0.8555430012684593,0.7155744585746653,KD,student,0.2,0,light
0.2608119840710964,0.12665067269861,0.8667993401638965,0.7137340685479922,Student_Baseline,student,0.2,0,light
0.26503221345021283,0.127980735860553,0.8629317515137953,0.7093155464251539,GAIN,student,0.3,0,light
0.27018156633067475,0.14053169089159676,0.8648444553448048,0.6875928197308613,WGAN_FWAL,student,0.3,0,light
0.2652034260466931,0.1344777004702936,0.8669202294467484,0.7055434275284186,KD,student,0.3,0,light
0.26353897148115096,0.12824326555353127,0.8618715649283104,0.7168934051751186,Student_Baseline,student,0.3,0,light
0.26912578767558804,0.13746559419897367,0.8544904305945314,0.6834312066675687,GAIN,student,0.5,0,light
0.2737741567912506,0.14486385401735288,0.85473931368833,0.6741197612194665,WGAN_FWAL,student,0.5,0,light
0.2638130263192829,0.13685852488559047,0.8535898509669624,0.680919467037954,KD,student,0.5,0,light
0.268465554578158,0.13246809512895935,0.8535029019040605,0.7056625614595533,Student_Baseline,student,0.5,0,light
0.37226423363739375,0.1419067361420421,,0.6929660455823247,GAIN,breast_cancer,0.05,1,light
0.400940846116646,0.1640796618626868,,0.7104584369119253,WGAN_FWAL,breast_cancer,0.05,1,light
0.41453589976699845,0.17294883037711142,,0.7002308737773854,KD,breast_cancer,0.05,1,light
0.37890574520274223,0.14744996840368765,,0.6965270194921358,Student_Baseline,breast_cancer,0.05,1,light
0.400916237205736,0.16240250889893632,,0.729718827683944,GAIN,breast_cancer,0.1,1,light
0.38643537198219324,0.15072287736388446,,0.7009031666008412,WGAN_FWAL,breast_cancer,0.1,1,light
0.39708296800808507,0.1596216454395321,,0.7048309248890645,KD,breast_cancer,0.1,1,light
0.3981320630143054,0.16017781701906758,,0.7351651255721023,Student_Baseline,breast_cancer,0.1,1,light
0.4065983926682451,0.16824232633498035,,0.7489429175475687,GAIN,breast_cancer,0.2,1,light
0.3979574086989668,0.16045590503352605,,0.6856939572055851,WGAN_FWAL,breast_cancer,0.2,1,light
0.39409535581137534,0.158231212875571,,0.7032572079083708,KD,breast_cancer,0.2,1,light
0.41422118815270026,0.17463831562864612,,0.6661045349998839,Student_Baseline,breast_cancer,0.2,1,light
0.411681737413837,0.17260357638650653,,0.7276819111121438,GAIN,breast_cancer,0.3,1,light
0.38398877385064817,0.15130356243128656,,0.6999930302255882,WGAN_FWAL,breast_cancer,0.3,1,light
0.39366968766950633,0.15828115258920925,,0.6959139697511791,KD,breast_cancer,0.3,1,light
0.40254840460548563,0.16580960677577503,,0.7004251562391097,Student_Baseline,breast_cancer,0.3,1,light
0.4263168192178316,0.18524350078989085,,0.7577149594591455,GAIN,breast_cancer,0.5,1,light
0.39734811235792866,0.16211626991215666,,0.6901043723718143,WGAN_FWAL,breast_cancer,0.5,1,light
0.39947184382060313,0.16324442571089715,,0.7104079060474409,KD,breast_cancer,0.5,1,light
0.43638611062416444,0.1947200267375521,,0.735868201565876,Student_Baseline,breast_cancer,0.5,1,light
0.052421860672757406,0.018560291313655213,,,GAIN,spam,0.05,1,light
0.053893280915774895,0.02465935378628478,,,WGAN_FWAL,spam,0.05,1,light
0.05386413616869615,0.0236038670814525,,,KD,spam,0.05,1,light
0.05244182140042619,0.018863669121089343,,,Student_Baseline,spam,0.05,1,light
0.05148283625281257,0.01839273692159646,,,GAIN,spam,0.1,1,light
0.05267205672392929,0.023884339018676662,,,WGAN_FWAL,spam,0.1,1,light
0.05279708335531358,0.02373858808446229,,,KD,spam,0.1,1,light
0.05210978797495071,0.019342047949743372,,,Student_Baseline,spam,0.1,1,light
0.052621529689842704,0.01783238161486553,,,GAIN,spam,0.2,1,light
0.054432829395417465,0.023902714517555466,,,WGAN_FWAL,spam,0.2,1,light
0.05656213638900704,0.026530922132726814,,,KD,spam,0.2,1,light
0.05294761841686203,0.019029262870123083,,,Student_Baseline,spam,0.2,1,light
0.05218589911468306,0.018138268495746613,,,GAIN,spam,0.3,1,light
0.05563664800089244,0.02442283774773292,,,WGAN_FWAL,spam,0.3,1,light
0.05538985561445233,0.024130075471604857,,,KD,spam,0.3,1,light
0.052980968328519354,0.018692275783393036,,,Student_Baseline,spam,0.3,1,light
0.05397831478458364,0.018725001241158893,,,GAIN,spam,0.5,1,light
0.05713870639053546,0.023855188688714425,,,WGAN_FWAL,spam,0.5,1,light
0.056767378890039584,0.024107274978109973,,,KD,spam,0.5,1,light
0.05427090384177024,0.0199442375581003,,,Student_Baseline,spam,0.5,1,light
0.3436428127514384,0.12883019239297078,,0.8399473518661367,GAIN,credit,0.05,1,light
0.3160673227354958,0.10990897491448313,,0.8269870563063701,WGAN_FWAL,credit,0.05,1,light
0.30634019073539,0.10406723373857914,,0.8326407474199463,KD,credit,0.05,1,light
0.33214124094949565,0.12005350513029639,,0.8355879615951955,Student_Baseline,credit,0.05,1,light
0.30469215115661724,0.10300497834365609,,0.8444272349174089,GAIN,credit,0.1,1,light
0.31920685216064926,0.11193203637667477,,0.8218577394057165,WGAN_FWAL,credit,0.1,1,light
0.3085057887491126,0.10524229821160389,,0.8191144552874976,KD,credit,0.1,1,light
0.3123639266740157,0.10775514688465732,,0.8200224331615275,Student_Baseline,credit,0.1,1,light
0.29913838879625787,0.09981183774999751,,0.8325719282340891,GAIN,credit,0.2,1,light
0.3214697621282144,0.11381342052788533,,0.8028747213985191,WGAN_FWAL,credit,0.2,1,light
0.3189082924719019,0.1120248584753831,,0.7787966441634844,KD,credit,0.2,1,light
0.3036155123944977,0.10196006147545773,,0.8414287650217733,Student_Baseline,credit,0.2,1,light
0.29646903079279796,0.09824186291416713,,0.841031662102061,GAIN,credit,0.3,1,light
0.3206335965526033,0.11342739718946246,,0.7880822852846153,WGAN_FWAL,credit,0.3,1,light
0.32112851477821164,0.1136125401700937,,0.7643831883377769,KD,credit,0.3,1,light
0.30862604939158006,0.10524445853617248,,0.7858058442954634,Student_Baseline,credit,0.3,1,light
0.34979255354411665,0.1348019832164312,,0.8145968720411526,GAIN,credit,0.5,1,light
0.33757627332159823,0.12480618096132144,,0.7275201125974359,WGAN_FWAL,credit,0.5,1,light
0.3269855084060489,0.11747298945089259,,0.7196490525361506,KD,credit,0.5,1,light
0.3143721554709588,0.10890900271833445,,0.8176575854199903,Student_Baseline,credit,0.5,1,light
0.1942155947301508,0.14689863039288276,0.7957900492072171,,GAIN,wine,0.05,1,light
0.1787940488672939,0.12909294425093223,0.8534718425369053,,WGAN_FWAL,wine,0.05,1,light
0.18908775432162792,0.13754349162465734,0.8239475123018043,,KD,wine,0.05,1,light
0.18226328559610128,0.13759068091727034,0.806178239475123,,Student_Baseline,wine,0.05,1,light
0.19126948830768004,0.1443230395121355,0.8016614745586708,,GAIN,wine,0.1,1,light
0.18266691472184615,0.1342923382520236,0.8286604361370716,,WGAN_FWAL,wine,0.1,1,light
0.1891860992547376,0.1351106723557425,0.8381793007961232,,KD,wine,0.1,1,light
0.1960263695907824,0.1484340816563303,0.7872101073035653,,Student_Baseline,wine,0.1,1,light
0.20137472915272034,0.15734126585454916,0.7318849206349207,,GAIN,wine,0.2,1,light
0.17777343507283408,0.13549232832294342,0.8343253968253967,,WGAN_FWAL,wine,0.2,1,light
0.1797826447353622,0.1328724353056672,0.8365873015873015,,KD,wine,0.2,1,light
0.21550063463185573,0.16867569648858413,0.6802777777777778,,Student_Baseline,wine,0.2,1,light
0.1970606036230254,0.1531440656625545,0.730421543438957,,GAIN,wine,0.3,1,light
0.18211503811558255,0.14091501713653154,0.8139170754072267,,WGAN_FWAL,wine,0.3,1,light
0.1824104767269326,0.13927603069276684,0.8076367442624938,,KD,wine,0.3,1,light
0.20274196246575596,0.1579936680650561,0.7337520220763155,,Student_Baseline,wine,0.3,1,light
0.2011878478836363,0.15220875619596752,0.7336841571994883,,GAIN,wine,0.5,1,light
0.19863836315900005,0.15783117398218757,0.7126600554732323,,WGAN_FWAL,wine,0.5,1,light
0.1930111791716483,0.14855664513550498,0.7655084413034943,,KD,wine,0.5,1,light
0.2157420824424478,0.16737346100689005,0.6805349747330827,,Student_Baseline,wine,0.5,1,light
0.2850346297079394,0.1435765840201685,0.8766953502423788,0.728690352292775,GAIN,student,0.05,1,light
0.2653285509077955,0.13686565137529452,0.8721800761908055,0.7346979145257363,WGAN_FWAL,student,0.05,1,light
0.25887261635356607,0.13103894748307218,0.8668369916799669,0.7349608344878671,KD,student,0.05,1,light
0.2697404038888416,0.12967356860729587,0.8809168188564122,0.7279208886391212,Student_Baseline,student,0.05,1,light
0.2755836116767302,0.1390303607067907,0.8656999613514651,0.7256631911422439,GAIN,student,0.1,1,light
0.26829357573042983,0.13749230509061408,0.8688633693771957,0.7234364428648418,WGAN_FWAL,student,0.1,1,light
0.2653784254062984,0.13627086139656214,0.8580642342269216,0.7260890137337064,KD,student,0.1,1,light
0.2574958176660397,0.12321457964471648,0.8756718727479161,0.7270258264006925,Student_Baseline,student,0.1,1,light
0.2655685698498512,0.1333223833625225,0.8604589653486234,0.7169268361426324,GAIN,student,0.2,1,light
0.26683595032145907,0.1393956264118818,0.8638006421896745,0.7136125438385615,WGAN_FWAL,student,0.2,1,light
0.26153114601823124,0.13425593514512366,0.8610814669981532,0.7255632646276061,KD,student,0.2,1,light
0.25293540325155117,0.12186902309672142,0.8778825667482048,0.7228401203533417,Student_Baseline,student,0.2,1,light
0.2630149346623356,0.12826738676475202,0.8547342695546303,0.7211680438105799,GAIN,student,0.3,1,light
0.2715777883688152,0.14116970326096298,0.8573664182391133,0.6973219148154112,WGAN_FWAL,student,0.3,1,light
0.2615838385567223,0.13217867906108266,0.8650977453016439,0.7060163908663528,KD,student,0.3,1,light
0.2588170817096538,0.12530498948629548,0.8675064847672183,0.717635646985261,Student_Baseline,student,0.3,1,light
0.26969295760426776,0.1349721293843995,0.8462747218036496,0.6793378589268695,GAIN,student,0.5,1,light
0.26958225252419743,0.141205417069065,0.8609127016539304,0.6661216820492425,WGAN_FWAL,student,0.5,1,light
0.26661051533551633,0.13579028940429239,0.8605197963070399,0.6793181272269277,KD,student,0.5,1,light
0.27356509266501655,0.13456954166511126,0.8492925837621125,0.7105843498019745,Student_Baseline,student,0.5,1,light
